product_desc,product_cat_num,product_price,product_brand,product_code,product_name
" 
Pınar Aç Bitir Hindi Salam Büyük Dilim salam keyfini pratik bir hale getiriyor. Tek bir öğün için kullanılan ve besin değerleri ile oldukça besleyici bir gıda olan Pınar Aç Bitir, tek seferde açılıp bitirilebilecek gramajıyla büyük kolaylık sağlıyor. Böylelikle koruma, muhafaza etme zorunluluğu bulunmuyor ve istenildiği an açılıp yenebiliyor. 
 
Özel Olarak Üretiliyor 
 
Raf ömrü sonuna kadar ilk günkü tazeliğini koruyabilen Pınar Aç Bitir Hindi Salam özel bir üretim aşamasından geçiriliyor. Clean room isimli odalarda tazeyken dilimlenen ve anında paketlenen Pınar Aç Bitir, günün her saatinde pratik bir öğün sunuyor. 
 
ürün kodu: 30202211","1044,1070,1092","2,25 TL",PINAR,30202211,Pınar Aç Bitir Büyük Dilim Hindi Salam 60 g
product_brand,product_code,product_name,product_price,product_desc
PINAR,30202211,Pınar Aç Bitir Büyük Dilim Hindi Salam 60 g,"2,25 TL"," 
Pınar Aç Bitir Hindi Salam Büyük Dilim salam keyfini pratik bir hale getiriyor. Tek bir öğün için kullanılan ve besin değerleri ile oldukça besleyici bir gıda olan Pınar Aç Bitir, tek seferde açılıp bitirilebilecek gramajıyla büyük kolaylık sağlıyor. Böylelikle koruma, muhafaza etme zorunluluğu bulunmuyor ve istenildiği an açılıp yenebiliyor. 
 
Özel Olarak Üretiliyor 
 
Raf ömrü sonuna kadar ilk günkü tazeliğini koruyabilen Pınar Aç Bitir Hindi Salam özel bir üretim aşamasından geçiriliyor. Clean room isimli odalarda tazeyken dilimlenen ve anında paketlenen Pınar Aç Bitir, günün her saatinde pratik bir öğün sunuyor. 
 
ürün kodu: 30202211"
,,,,
,,,,
,,,,
